hah,hhihi
hah,hhihi
times,0
hah,hhihi
times,1
hah,hhihi
times,2
hah,hhihi
times,3
hah,hhihi
times,4
hah,hhihi
times,5
hah,hhihi
times,6
hah,hhihi
times,7
hah,hhihi
times,8
hah,hhihi
times,9
hah,hhihi
times,10
hah,hhihi
times,11
hah,hhihi
times,12
hah,hhihi
times,13
hah,hhihi
times,14
hah,hhihi
times,15
hah,hhihi
times,16
hah,hhihi
times,17
hah,hhihi
times,18
hah,hhihi
times,19
hah,hhihi
times,20
hah,hhihi
times,21
hah,hhihi
times,22
hah,hhihi
times,23
hah,hhihi
times,24
hah,hhihi
times,25
hah,hhihi
times,26
hah,hhihi
times,27
hah,hhihi
times,28
hah,hhihi
times,29
hah,hhihi
times,30
hah,hhihi
times,31
hah,hhihi
times,32
hah,hhihi
times,33
hah,hhihi
times,34
hah,hhihi
times,35
hah,hhihi
times,36
hah,hhihi
times,37
hah,hhihi
times,38
hah,hhihi
times,39
hah,hhihi
times,40
hah,hhihi
times,41
hah,hhihi
times,42
hah,hhihi
times,43
hah,hhihi
times,44
hah,hhihi
times,45
hah,hhihi
times,46
hah,hhihi
times,47
hah,hhihi
times,48
hah,hhihi
times,49
hah,hhihi
times,50
hah,hhihi
times,51
hah,hhihi
times,52
hah,hhihi
times,53
hah,hhihi
times,54
hah,hhihi
times,55
hah,hhihi
times,56
hah,hhihi
times,57
hah,hhihi
times,58
hah,hhihi
times,59
hah,hhihi
times,60
hah,hhihi
times,61
hah,hhihi
times,62
hah,hhihi
times,63
hah,hhihi
times,64
hah,hhihi
times,65
hah,hhihi
times,66
hah,hhihi
times,67
hah,hhihi
times,68
hah,hhihi
times,69
hah,hhihi
times,70
hah,hhihi
times,71
hah,hhihi
times,72
hah,hhihi
times,73
hah,hhihi
times,74
hah,hhihi
times,75
hah,hhihi
times,76
hah,hhihi
times,77
hah,hhihi
times,78
hah,hhihi
times,79
hah,hhihi
times,80
hah,hhihi
times,81
hah,hhihi
times,82
hah,hhihi
times,83
hah,hhihi
times,84
hah,hhihi
times,85
hah,hhihi
times,86
hah,hhihi
times,87
hah,hhihi
times,88
hah,hhihi
times,89
hah,hhihi
times,90
hah,hhihi
times,91
hah,hhihi
times,92
hah,hhihi
times,93
hah,hhihi
times,94
hah,hhihi
times,95
hah,hhihi
times,96
hah,hhihi
times,97
hah,hhihi
times,98
hah,hhihi
times,99
hah,hhihi
